meeting_name,target_rate,rate_num,probability
"ECB: Oct 29, 2026",2.50%,2.5,9.6
"ECB: Oct 29, 2026",2.75%,2.75,90.4
"ECB: Dec 17, 2026",2.50%,2.5,9.14
"ECB: Dec 17, 2026",2.75%,2.75,86.52
"ECB: Dec 17, 2026",3.00%,3.0,4.34
"ECB: Feb 04, 2027",2.50%,2.5,5.52
"ECB: Feb 04, 2027",2.75%,2.75,55.88
"ECB: Feb 04, 2027",3.00%,3.0,36.88
"ECB: Feb 04, 2027",3.25%,3.25,1.72
"ECB: Mar 18, 2027",2.50%,2.5,2.16
"ECB: Mar 18, 2027",2.75%,2.75,25.26
"ECB: Mar 18, 2027",3.00%,3.0,48.43
"ECB: Mar 18, 2027",3.25%,3.25,23.1
"ECB: Mar 18, 2027",3.50%,3.5,1.04
"ECB: Apr 29, 2027",2.50%,2.5,1.26
"ECB: Apr 29, 2027",2.75%,2.75,15.65
"ECB: Apr 29, 2027",3.00%,3.0,38.79
"ECB: Apr 29, 2027",3.25%,3.25,33.64
"ECB: Apr 29, 2027",3.50%,3.5,10.22
"ECB: Apr 29, 2027",3.75%,3.75,0.43
"ECB: Jun 10, 2027",2.50%,2.5,0.98
"ECB: Jun 10, 2027",2.75%,2.75,12.43
"ECB: Jun 10, 2027",3.00%,3.0,33.61
"ECB: Jun 10, 2027",3.25%,3.25,34.79
"ECB: Jun 10, 2027",3.50%,3.5,15.46
"ECB: Jun 10, 2027",3.75%,3.75,2.63
"ECB: Jun 10, 2027",4.00%,4.0,0.1
"ECB: Jul 22, 2027",2.50%,2.5,0.79
"ECB: Jul 22, 2027",2.75%,2.75,10.23
"ECB: Jul 22, 2027",3.00%,3.0,29.54
"ECB: Jul 22, 2027",3.25%,3.25,34.57
"ECB: Jul 22, 2027",3.50%,3.5,19.18
"ECB: Jul 22, 2027",3.75%,3.75,5.09
"ECB: Jul 22, 2027",4.00%,4.0,0.58
"ECB: Jul 22, 2027",4.25%,4.25,0.02
"ECB: Sep 09, 2027",2.50%,2.5,0.67
"ECB: Sep 09, 2027",2.75%,2.75,8.76
"ECB: Sep 09, 2027",3.00%,3.0,26.53
"ECB: Sep 09, 2027",3.25%,3.25,33.78
"ECB: Sep 09, 2027",3.50%,3.5,21.58
"ECB: Sep 09, 2027",3.75%,3.75,7.29
"ECB: Sep 09, 2027",4.00%,4.0,1.29
"ECB: Sep 09, 2027",4.25%,4.25,0.11
"ECB: Oct 28, 2027",2.50%,2.5,0.62
"ECB: Oct 28, 2027",2.75%,2.75,8.18
"ECB: Oct 28, 2027",3.00%,3.0,25.25
"ECB: Oct 28, 2027",3.25%,3.25,33.26
"ECB: Oct 28, 2027",3.50%,3.5,22.46
"ECB: Oct 28, 2027",3.75%,3.75,8.32
"ECB: Oct 28, 2027",4.00%,4.0,1.72
"ECB: Oct 28, 2027",4.25%,4.25,0.19
