meeting_name,target_bracket,rate_mid,probability
"FOMC: Oct 28, 2026",3.75% - 4.00%,3.88,71.6
"FOMC: Oct 28, 2026",4.00% - 4.25%,4.13,28.4
"FOMC: Dec 09, 2026",3.75% - 4.00%,3.88,20.62
"FOMC: Dec 09, 2026",4.00% - 4.25%,4.13,59.16
"FOMC: Dec 09, 2026",4.25% - 4.50%,4.38,20.22
"FOMC: Jan 27, 2027",3.75% - 4.00%,3.88,11.8
"FOMC: Jan 27, 2027",4.00% - 4.25%,4.13,42.66
"FOMC: Jan 27, 2027",4.25% - 4.50%,4.38,36.89
"FOMC: Jan 27, 2027",4.50% - 4.75%,4.63,8.65
"FOMC: Mar 17, 2027",3.75% - 4.00%,3.88,3.63
"FOMC: Mar 17, 2027",4.00% - 4.25%,4.13,21.3
"FOMC: Mar 17, 2027",4.25% - 4.50%,4.38,40.88
"FOMC: Mar 17, 2027",4.50% - 4.75%,4.63,28.19
"FOMC: Mar 17, 2027",4.75% - 5.00%,4.88,5.99
"FOMC: Apr 28, 2027",3.75% - 4.00%,3.88,2.17
"FOMC: Apr 28, 2027",4.00% - 4.25%,4.13,14.16
"FOMC: Apr 28, 2027",4.25% - 4.50%,4.38,32.97
"FOMC: Apr 28, 2027",4.50% - 4.75%,4.63,33.32
"FOMC: Apr 28, 2027",4.75% - 5.00%,4.88,14.96
"FOMC: Apr 28, 2027",5.00% - 5.25%,5.13,2.42
