central_bank,contract_month,local_symbol,date,settle_price,implied_rate
FED,202610,ZQV6,2026-10-06,96.1175,3.8825
FED,202611,ZQX6,2026-10-06,96.07,3.93
FED,202612,ZQZ6,2026-10-06,95.925,4.075
FED,202701,ZQF7,2026-10-06,95.855,4.145
FED,202702,ZQG7,2026-10-06,95.765,4.235
FED,202703,ZQH7,2026-10-06,95.685,4.315
FED,202704,ZQJ7,2026-10-06,95.585,4.415
FED,202705,ZQK7,2026-10-06,95.49,4.51
ECB,202612,FST3 20270317 M,2026-10-06,97.285,2.715
ECB,202703,FST3 20270616 M,2026-10-06,97.0325,2.9675
ECB,202706,FST3 20270915 M,2026-10-06,96.8825,3.1175
ECB,202709,FST3 20271215 M,2026-10-06,96.8125,3.1875
